bait, species, uniprot_id,[µM]
SRC, Human, P12931,0.0138412360642524
HCK, Human, P08631,0.202826341460089
SRC, Mouse, P12932,0.0532781065601749
HCK, Mouse, P08632,0.11302227560547
